replicate,NumDays,treatment,predict_spec,mean.dens.ml
1,1,C+D,Colp,188.9591327913279
1,1,C+D,Dexio,331.409864498645
1,1,C+D+P,Colp,171.96856368563687
1,1,C+D+P,Dexio,193.57246612466125
1,1,C+D+P,Para,113.7580487804878
1,1,C+D+P+Pd,Colp,26.155952380952378
1,1,C+D+P+Pd,Dexio,85.24836968993066
1,1,C+D+P+Pd,Noise,13.84
1,1,C+D+P+Pd,Spath,20.1251376146789
1,1,C+D+P+Pd,Para,37.843599788836094
1,1,C+D+Pd,Colp,99.53835893994892
1,1,C+D+Pd,Dexio,217.50178861788618
1,1,C+D+Pd,Noise,13.84
1,1,C+D+Pd,Spath,16.22229508196721
1,1,C+D+S,Colp,151.639891598916
1,1,C+D+S,Dexio,100.06807588075881
1,1,C+D+S,Spiro,24.62934390016169
1,1,C+D+S+Pd,Colp,153.9278048780488
1,1,C+D+S+Pd,Dexio,158.91620596205962
1,1,C+D+S+Pd,Spath,30.726554217396796
1,1,C+D+S+Pd,Spiro,30.51367512858802
1,3,C+D,Colp,331.559891598916
1,3,C+D,Dexio,574.6037940379404
1,3,C+D+P,Colp,119.79663956639565
1,3,C+D+P,Dexio,298.3663956639566
1,3,C+D+P,Para,279.20043360433607
1,3,C+D+P+Pd,Colp,180.25756097560975
1,3,C+D+P+Pd,Dexio,334.26874868418105
1,3,C+D+P+Pd,Noise,13.84
1,3,C+D+P+Pd,Spath,102.08729838332866
1,3,C+D+P+Pd,Para,130.37355013550135
1,3,C+D+Pd,Colp,178.15718157181573
1,3,C+D+Pd,Dexio,283.73875338753385
1,3,C+D+Pd,Noise,22.369506120726044
1,3,C+D+Pd,Spath,39.80976318532416
1,3,C+D+S,Colp,275.8623306233062
1,3,C+D+S,Dexio,211.05062330623306
1,3,C+D+S,Spiro,34.873523672883785
1,3,C+D+S+Pd,Colp,58.50005318744776
1,3,C+D+S+Pd,Dexio,124.78213064199606
1,3,C+D+S+Pd,Spath,18.902562207440255
1,3,C+D+S+Pd,Spiro,13.84
1,5,C+D,Colp,387.78254742547426
1,5,C+D,Dexio,427.38970189701894
1,5,C+D+P,Colp,80.07696476964769
1,5,C+D+P,Dexio,195.29777777777778
1,5,C+D+P,Para,249.94514905149052
1,5,C+D+P+Pd,Colp,183.1830894308943
1,5,C+D+P+Pd,Dexio,436.16628726287263
1,5,C+D+P+Pd,Noise,19.492957746478872
1,5,C+D+P+Pd,Spath,122.79718157181573
1,5,C+D+P+Pd,Para,142.56325203252032
1,5,C+D+Pd,Colp,213.0259801264679
1,5,C+D+Pd,Dexio,369.6292682926829
1,5,C+D+Pd,Noise,14.663809523809524
1,5,C+D+Pd,Spath,23.562599999999996
1,5,C+D+S,Colp,184.49582655826558
1,5,C+D+S,Dexio,220.38981029810296
1,5,C+D+S,Spiro,47.93365853658536
1,5,C+D+S+Pd,Colp,177.1069918699187
1,5,C+D+S+Pd,Dexio,275.9373441734417
1,5,C+D+S+Pd,Noise,15.817142857142857
1,5,C+D+S+Pd,Spath,38.873978752862584
1,5,C+D+S+Pd,Spiro,19.917070770399924
1,7,C+D,Colp,334.97300813008127
1,7,C+D,Dexio,373.30493224932246
1,7,C+D+P,Colp,182.35112096575511
1,7,C+D+P,Dexio,297.50373983739837
1,7,C+D+P,Para,508.3668292682927
1,7,C+D+P+Pd,Colp,195.37279132791326
1,7,C+D+P+Pd,Dexio,381.3313821138211
1,7,C+D+P+Pd,Noise,13.84
1,7,C+D+P+Pd,Spath,102.35964026188935
1,7,C+D+P+Pd,Para,255.64617886178863
1,7,C+D+Pd,Colp,249.0449864498645
1,7,C+D+Pd,Dexio,294.0531165311653
1,7,C+D+Pd,Noise,16.00228731998595
1,7,C+D+Pd,Spath,50.874189701897016
1,7,C+D+S,Colp,332.310027100271
1,7,C+D+S,Dexio,302.679674796748
1,7,C+D+S,Spiro,60.94850948509485
1,7,C+D+S+Pd,Colp,453.4569105691057
1,7,C+D+S+Pd,Dexio,450.56888888888886
1,7,C+D+S+Pd,Noise,37.01240938166311
1,7,C+D+S+Pd,Spath,61.5544783197832
1,7,C+D+S+Pd,Spiro,67.17463414634146
1,9,C+D,Colp,430.5777777777778
1,9,C+D,Dexio,439.84195121951217
1,9,C+D+P,Colp,161.50417344173442
1,9,C+D+P,Dexio,323.9460162601626
1,9,C+D+P,Para,512.4925745257452
1,9,C+D+P+Pd,Colp,225.49073170731708
1,9,C+D+P+Pd,Dexio,363.4781571815718
1,9,C+D+P+Pd,Noise,13.84
1,9,C+D+P+Pd,Spath,75.11305158010258
1,9,C+D+P+Pd,Para,173.50634146341463
1,9,C+D+Pd,Colp,128.8732791327913
1,9,C+D+Pd,Dexio,269.48617886178863
1,9,C+D+Pd,Noise,14.720727272727274
1,9,C+D+Pd,Spath,34.725280810707794
1,9,C+D+S,Colp,264.19772357723576
1,9,C+D+S,Dexio,218.43945799457995
1,9,C+D+S,Spiro,45.3428544100567
1,9,C+D+S+Pd,Colp,234.15479674796748
1,9,C+D+S+Pd,Dexio,219.37568480300186
1,9,C+D+S+Pd,Noise,13.84
1,9,C+D+S+Pd,Spath,19.22963810174121
1,9,C+D+S+Pd,Spiro,31.24659820282413
1,11,C+D,Colp,210.45051490514905
1,11,C+D,Dexio,328.48433604336043
1,11,C+D+P,Colp,63.6489972899729
1,11,C+D+P,Dexio,69.31252032520325
1,11,C+D+P,Para,329.15945799457995
1,11,C+D+P+Pd,Colp,108.61962059620596
1,11,C+D+P+Pd,Dexio,87.54357990137278
1,11,C+D+P+Pd,Spath,72.41636488907261
1,11,C+D+P+Pd,Para,57.269771202630054
1,11,C+D+Pd,Colp,13.84
1,11,C+D+Pd,Dexio,25.53320596205962
1,11,C+D+Pd,Noise,27.618029850746268
1,11,C+D+Pd,Spath,29.106365607292435
1,11,C+D+S,Colp,147.55165311653116
1,11,C+D+S,Dexio,75.76368563685637
1,11,C+D+S,Spiro,56.41018970189702
1,11,C+D+S+Pd,Colp,28.345045504186384
1,11,C+D+S+Pd,Dexio,47.29604336043361
1,11,C+D+S+Pd,Noise,13.84
1,11,C+D+S+Pd,Spath,30.165211314923063
1,11,C+D+S+Pd,Spiro,13.84
1,13,C+D,Colp,453.6819512195122
1,13,C+D,Dexio,356.2768563685637
1,13,C+D+P,Colp,171.1059078590786
1,13,C+D+P,Dexio,93.09181571815718
1,13,C+D+P,Para,261.04715447154473
1,13,C+D+P+Pd,Colp,21.842401937046002
1,13,C+D+P+Pd,Dexio,43.02932436220914
1,13,C+D+P+Pd,Spath,40.81266184108289
1,13,C+D+P+Pd,Para,34.005585382582005
1,13,C+D+Pd,Noise,13.84
1,13,C+D+Pd,Spath,28.52390243902439
1,13,C+D+S,Colp,185.73355013550133
1,13,C+D+S,Dexio,101.08075880758807
1,13,C+D+S,Spiro,46.279640753432325
1,13,C+D+S+Pd,Colp,13.84
1,13,C+D+S+Pd,Dexio,13.84
1,13,C+D+S+Pd,Noise,13.84
1,13,C+D+S+Pd,Spath,13.84
1,13,C+D+S+Pd,Spiro,13.84
1,15,C+D,Colp,307.5930623306233
1,15,C+D,Dexio,327.24661246612465
1,15,C+D+P,Colp,107.94664188927604
1,15,C+D+P,Dexio,54.742727481512105
1,15,C+D+P,Para,383.88184281842814
1,15,C+D+P+Pd,Colp,13.84
1,15,C+D+P+Pd,Dexio,13.84
1,15,C+D+P+Pd,Spath,31.65421788617886
1,15,C+D+P+Pd,Para,25.67226459591602
1,15,C+D+Pd,Dexio,13.84
1,15,C+D+Pd,Noise,20.245289256198348
1,15,C+D+Pd,Spath,43.770406504065036
1,15,C+D+S,Colp,172.0060704607046
1,15,C+D+S,Dexio,202.53658536585365
1,15,C+D+S,Spiro,39.97745701719312
1,15,C+D+S+Pd,Spath,36.06384615384615
1,15,C+D+S+Pd,Spiro,27.11739837398374
1,17,C+D,Colp,407.73615176151765
1,17,C+D,Dexio,302.7546883468834
1,17,C+D+P,Colp,165.29235772357723
1,17,C+D+P,Dexio,133.7032140921409
1,17,C+D+P,Para,180.85766937669376
1,17,C+D+P+Pd,Spath,27.328449197860962
1,17,C+D+P+Pd,Para,13.84
1,17,C+D+Pd,Noise,13.84
1,17,C+D+Pd,Spath,13.84
1,17,C+D+S,Colp,229.50395663956638
1,17,C+D+S,Dexio,129.8109485094851
1,17,C+D+S,Spiro,62.37376693766937
1,17,C+D+S+Pd,Colp,19.50181818181818
1,17,C+D+S+Pd,Dexio,13.84
1,17,C+D+S+Pd,Noise,17.049275362318838
1,17,C+D+S+Pd,Spath,13.84
1,17,C+D+S+Pd,Spiro,13.84
1,19,C+D,Colp,300.0917073170732
1,19,C+D,Dexio,297.9913279132791
1,19,C+D+P,Colp,146.27642276422765
1,19,C+D+P,Dexio,152.20249322493225
1,19,C+D+P,Para,105.88129987039001
1,19,C+D+P+Pd,Spath,13.948125000000001
1,19,C+D+P+Pd,Para,21.254285714285714
1,19,C+D+Pd,Noise,13.84
1,19,C+D+S,Colp,247.2071544715447
1,19,C+D+S,Dexio,161.46666666666667
1,19,C+D+S,Spiro,35.2566785370333
1,21,C+D,Colp,264.310243902439
1,21,C+D,Dexio,341.4241734417344
1,21,C+D+P,Colp,175.08162601626015
1,21,C+D+P,Dexio,174.5804850720776
1,21,C+D+P,Para,169.71815718157183
1,21,C+D+P+Pd,Spath,13.84
1,21,C+D+S,Colp,206.849864498645
1,21,C+D+S,Dexio,111.62016260162602
1,21,C+D+S,Spiro,34.76053546397533
1,23,C+D,Colp,319.82027100271006
1,23,C+D,Dexio,388.08260162601624
1,23,C+D+P,Colp,112.82037940379404
1,23,C+D+P,Dexio,81.53972899728997
1,23,C+D+P,Para,138.51252032520324
1,23,C+D+S,Colp,200.81127371273712
1,23,C+D+S,Dexio,109.33224932249323
1,23,C+D+S,Spiro,39.79468834688347
1,23,C+D+S+Pd,Spiro,13.84
1,25,C+D,Colp,231.15425474254744
1,25,C+D,Dexio,380.8062872628726
1,25,C+D+P,Colp,164.57972899728998
1,25,C+D+P,Dexio,91.51653116531165
1,25,C+D+P,Para,126.13528455284552
1,25,C+D+S,Colp,232.27945799457993
1,25,C+D+S,Dexio,214.53875338753386
1,25,C+D+S,Spiro,45.077860987060575
1,27,C+D,Colp,352.7512195121951
1,27,C+D,Dexio,439.8794579945799
1,27,C+D+P,Colp,117.65875338753386
1,27,C+D+P,Dexio,80.1519783197832
1,27,C+D+P,Para,100.78070460704608
1,27,C+D+P+Pd,Para,23.19135135135135
1,27,C+D+S,Colp,233.44216802168023
1,27,C+D+S,Dexio,129.69842818428185
1,27,C+D+S,Spiro,55.022439024390245
1,29,C+D,Colp,210.90059620596205
1,29,C+D,Dexio,429.940162601626
1,29,C+D+P,Colp,113.87056910569106
1,29,C+D+P,Dexio,132.21138211382114
1,29,C+D+P,Para,89.64119241192412
1,29,C+D+S,Colp,296.4910569105691
1,29,C+D+S,Dexio,283.1386449864499
1,29,C+D+S,Spiro,81.57723577235772
1,29,C+D+S+Pd,Spath,13.84
1,31,C+D,Colp,281.6383739837398
1,31,C+D,Dexio,396.8216802168022
1,31,C+D+P,Colp,60.72346883468835
1,31,C+D+P,Dexio,69.68758807588075
1,31,C+D+P,Para,63.23642276422764
1,31,C+D+S,Colp,309.76845528455283
1,31,C+D+S,Dexio,176.28184281842817
1,31,C+D+S,Spiro,51.68433604336043
1,33,C+D,Colp,296.07848238482387
1,33,C+D,Dexio,301.5169647696477
1,33,C+D+P,Colp,105.03772357723578
1,33,C+D+P,Dexio,97.06753387533875
1,33,C+D+P,Para,64.96173441734418
1,33,C+D+S,Colp,314.7193495934959
1,33,C+D+S,Dexio,172.41864498644986
1,33,C+D+S,Spiro,57.914592806945024
1,35,C+D,Colp,222.67772357723578
1,35,C+D,Dexio,519.1687804878048
1,35,C+D+P,Colp,48.552520325203254
1,35,C+D+P,Dexio,90.24130081300812
1,35,C+D+P,Para,28.532153929539295
1,35,C+D+S,Colp,185.88357723577235
1,35,C+D+S,Dexio,166.64260162601624
1,35,C+D+S,Spiro,36.70037940379404
1,37,C+D,Colp,175.98178861788617
1,37,C+D,Dexio,422.51382113821137
1,37,C+D+P,Colp,46.71250772042604
1,37,C+D+P,Dexio,87.65333333333334
1,37,C+D+P,Para,32.44336043360434
1,37,C+D+S,Colp,78.83924119241192
1,37,C+D+S,Dexio,152.12747967479675
1,37,C+D+S,Spiro,25.964917467356493
1,39,C+D,Colp,136.44964769647697
1,39,C+D,Dexio,367.86644986449863
1,39,C+D+P,Colp,15.723777777777778
1,39,C+D+P,Dexio,76.43033831628638
1,39,C+D+P,Para,25.152094045264775
1,39,C+D+S,Colp,190.7969647696477
1,39,C+D+S,Dexio,192.10970189701897
1,39,C+D+S,Spiro,31.205636856368564
1,41,C+D,Colp,124.29745257452574
1,41,C+D,Dexio,357.8521409214092
1,41,C+D+P,Colp,54.759891598915985
1,41,C+D+P,Dexio,79.21430894308943
1,41,C+D+P,Para,23.112417357855513
1,41,C+D+Pd,Noise,13.84
1,41,C+D+S,Colp,179.92
1,41,C+D+S,Dexio,126.99794037940379
1,41,C+D+S,Spiro,34.05615176151761
1,43,C+D,Colp,91.62905149051491
1,43,C+D,Dexio,397.4217886178862
1,43,C+D+P,Colp,93.16682926829267
1,43,C+D+P,Dexio,78.61420054200542
1,43,C+D+P,Para,33.36043182726909
1,43,C+D+S,Colp,238.2430352303523
1,43,C+D+S,Dexio,176.24433604336042
1,43,C+D+S,Spiro,46.86237127371273
1,45,C+D,Colp,67.84975609756097
1,45,C+D,Dexio,348.32542005420055
1,45,C+D+P,Colp,58.84813008130081
1,45,C+D+P,Dexio,56.87792124980073
1,45,C+D+P,Para,34.62402293444422
1,45,C+D+S,Colp,209.92542005420054
1,45,C+D+S,Dexio,133.59913279132792
1,45,C+D+S,Spiro,27.905040650406505
1,47,C+D,Dexio,295.4408672086721
1,47,C+D+P,Colp,56.3379891598916
1,47,C+D+P,Dexio,81.91479674796747
1,47,C+D+P,Para,24.217626153476726
1,47,C+D+P+Pd,Para,13.84
1,47,C+D+S,Colp,182.3579403794038
1,47,C+D+S,Dexio,124.03490514905148
1,47,C+D+S,Spiro,36.51284552845529
1,49,C+D,Colp,13.84
1,49,C+D,Dexio,201.48639566395664
1,49,C+D+P,Colp,45.533224932249325
1,49,C+D+P,Dexio,70.7190243902439
1,49,C+D+P,Para,37.97560975609756
1,49,C+D+S,Colp,164.6922493224932
1,49,C+D+S,Dexio,135.0618970189702
1,49,C+D+S,Spiro,26.715138211382115
1,51,C+D,Colp,24.722735042735042
1,51,C+D,Dexio,147.81420054200544
1,51,C+D+P,Colp,44.134831741714336
1,51,C+D+P,Dexio,60.61094850948509
1,51,C+D+P,Para,17.958734645290377
1,51,C+D+S,Colp,193.49745257452577
1,51,C+D+S,Dexio,87.95338753387534
1,51,C+D+S,Spiro,41.97008130081301
1,53,C+D,Colp,13.84
1,53,C+D,Dexio,127.8230894308943
1,53,C+D+P,Colp,45.97274094431085
1,53,C+D+P,Dexio,67.45593495934959
1,53,C+D+P,Para,31.75616438356164
1,53,C+D+P+Pd,Para,13.84
1,53,C+D+S,Colp,224.1779945799458
1,53,C+D+S,Dexio,122.00953929539295
1,53,C+D+S,Spiro,46.555438269136786
2,1,C+D,Colp,192.89734417344172
2,1,C+D,Dexio,222.90276422764228
2,1,C+D+P,Colp,182.17040650406503
2,1,C+D+P,Dexio,139.71273712737127
2,1,C+D+P,Para,115.21896841263495
2,1,C+D+P+Pd,Colp,86.59043472418196
2,1,C+D+P+Pd,Dexio,115.89084929493363
2,1,C+D+P+Pd,Spath,21.300733744370106
2,1,C+D+P+Pd,Para,60.00800940839597
2,1,C+D+Pd,Colp,91.14146341463413
2,1,C+D+Pd,Dexio,121.22694600792161
2,1,C+D+Pd,Noise,15.10160544217687
2,1,C+D+Pd,Spath,24.645300038714673
2,1,C+D+S,Colp,225.86579945799457
2,1,C+D+S,Dexio,203.92433604336043
2,1,C+D+S,Spiro,30.380487804878047
2,1,C+D+S+Pd,Colp,71.45911343399149
2,1,C+D+S+Pd,Dexio,115.68793604480129
2,1,C+D+S+Pd,Noise,13.84
2,1,C+D+S+Pd,Spath,26.77459139412478
2,1,C+D+S+Pd,Spiro,15.014962694091551
2,3,C+D,Colp,282.16346883468833
2,3,C+D,Dexio,352.71371273712737
2,3,C+D+P,Colp,110.15739837398374
2,3,C+D+P,Dexio,259.43436314363146
2,3,C+D+P,Para,164.54222222222222
2,3,C+D+P+Pd,Colp,130.51089112067592
2,3,C+D+P+Pd,Dexio,291.3291869918699
2,3,C+D+P+Pd,Noise,13.84
2,3,C+D+P+Pd,Spath,119.41355195039633
2,3,C+D+P+Pd,Para,119.57601147776184
2,3,C+D+Pd,Colp,189.07165311653117
2,3,C+D+Pd,Dexio,341.4991869918699
2,3,C+D+Pd,Noise,36.70369359611961
2,3,C+D+Pd,Spath,74.78258736271573
2,3,C+D+S,Colp,278.52531165311655
2,3,C+D+S,Dexio,173.24379403794038
2,3,C+D+S,Spiro,43.62900491794896
2,3,C+D+S+Pd,Colp,124.71002710027099
2,3,C+D+S+Pd,Dexio,241.5136890528569
2,3,C+D+S+Pd,Noise,13.84
2,3,C+D+S+Pd,Spath,34.28645386563563
2,3,C+D+S+Pd,Spiro,34.34012806889256
2,5,C+D,Colp,277.9627100271003
2,5,C+D,Dexio,418.0130081300813
2,5,C+D+P,Colp,148.45181571815718
2,5,C+D+P,Dexio,267.3107859078591
2,5,C+D+P,Para,320.19533875338755
2,5,C+D+P+Pd,Colp,193.009864498645
2,5,C+D+P+Pd,Dexio,291.721266744096
2,5,C+D+P+Pd,Spath,81.17987453844476
2,5,C+D+P+Pd,Para,117.77127371273713
2,5,C+D+Pd,Colp,239.93084010840107
2,5,C+D+Pd,Dexio,536.4594037940379
2,5,C+D+Pd,Noise,57.18618610790506
2,5,C+D+Pd,Spath,86.4531165311653
2,5,C+D+S,Colp,304.930081300813
2,5,C+D+S,Dexio,333.3227100271003
2,5,C+D+S,Spiro,59.03566395663957
2,5,C+D+S+Pd,Colp,146.5389701897019
2,5,C+D+S+Pd,Dexio,247.2821680216802
2,5,C+D+S+Pd,Spath,46.70101302674232
2,5,C+D+S+Pd,Spiro,31.67896615825662
2,7,C+D,Colp,218.88953929539295
2,7,C+D,Dexio,269.3361517615176
2,7,C+D+P,Colp,192.59728997289972
2,7,C+D+P,Dexio,422.0262330623306
2,7,C+D+P,Para,441.1546883468835
2,7,C+D+P+Pd,Colp,199.49853658536585
2,7,C+D+P+Pd,Dexio,481.84953929539296
2,7,C+D+P+Pd,Noise,16.28235294117647
2,7,C+D+P+Pd,Spath,127.52303523035229
2,7,C+D+P+Pd,Para,269.5986991869919
2,7,C+D+Pd,Colp,133.2990785907859
2,7,C+D+Pd,Dexio,303.3547967479675
2,7,C+D+Pd,Noise,19.199607843137255
2,7,C+D+Pd,Spath,51.266002552238824
2,7,C+D+S,Colp,239.66829268292682
2,7,C+D+S,Dexio,272.2616802168022
2,7,C+D+S,Spiro,37.50022554468919
2,7,C+D+S+Pd,Colp,155.5030894308943
2,7,C+D+S+Pd,Dexio,291.20260162601625
2,7,C+D+S+Pd,Noise,15.817142857142857
2,7,C+D+S+Pd,Spath,50.91544715447154
2,7,C+D+S+Pd,Spiro,32.359616858237544
2,9,C+D,Colp,285.65159891598915
2,9,C+D,Dexio,392.09582655826557
2,9,C+D+P,Colp,109.36975609756097
2,9,C+D+P,Dexio,292.1027642276423
2,9,C+D+P,Para,312.01886178861787
2,9,C+D+P+Pd,Colp,193.46956292127024
2,9,C+D+P+Pd,Dexio,304.8868042526579
2,9,C+D+P+Pd,Noise,13.84
2,9,C+D+P+Pd,Spath,48.504708585119964
2,9,C+D+P+Pd,Para,217.27765174519214
2,9,C+D+Pd,Colp,173.58135501355014
2,9,C+D+Pd,Dexio,321.3955555555556
2,9,C+D+Pd,Noise,26.272043850891308
2,9,C+D+Pd,Spath,40.78400419853051
2,9,C+D+S,Colp,234.56737127371275
2,9,C+D+S,Dexio,299.49159891598913
2,9,C+D+S,Spiro,57.476807991220404
2,9,C+D+S+Pd,Colp,108.4483632458966
2,9,C+D+S+Pd,Dexio,172.79371273712735
2,9,C+D+S+Pd,Noise,13.84
2,9,C+D+S+Pd,Spath,27.525805480277025
2,9,C+D+S+Pd,Spiro,23.21628828828829
2,11,C+D,Colp,138.13745257452575
2,11,C+D,Dexio,332.3850406504065
2,11,C+D+P,Colp,101.05278244257852
2,11,C+D+P,Dexio,108.88216802168022
2,11,C+D+P,Para,425.4768563685637
2,11,C+D+P+Pd,Colp,99.4248081292606
2,11,C+D+P+Pd,Dexio,66.45912028351053
2,11,C+D+P+Pd,Spath,53.40082257293161
2,11,C+D+P+Pd,Para,76.28878048780487
2,11,C+D+Pd,Colp,13.84
2,11,C+D+Pd,Dexio,17.75526315789474
2,11,C+D+Pd,Spath,19.761923076923075
2,11,C+D+S,Colp,255.0460704607046
2,11,C+D+S,Dexio,119.72162601626016
2,11,C+D+S,Spiro,48.39720380793551
2,11,C+D+S+Pd,Colp,13.84
2,11,C+D+S+Pd,Dexio,18.114117647058823
2,11,C+D+S+Pd,Noise,27.68
2,11,C+D+S+Pd,Spath,20.197398373983738
2,13,C+D,Colp,189.70926829268294
2,13,C+D,Dexio,292.25279132791326
2,13,C+D+P,Colp,155.4280758807588
2,13,C+D+P,Dexio,78.53918699186991
2,13,C+D+P,Para,320.45788617886177
2,13,C+D+P+Pd,Colp,19.105217391304347
2,13,C+D+P+Pd,Dexio,65.15954659161976
2,13,C+D+P+Pd,Noise,13.84
2,13,C+D+P+Pd,Spath,51.04062601626016
2,13,C+D+P+Pd,Para,37.35674796747968
2,13,C+D+Pd,Noise,14.993333333333332
2,13,C+D+Pd,Spath,16.0544
2,13,C+D+S,Colp,255.3461246612466
2,13,C+D+S,Dexio,131.12368563685638
2,13,C+D+S,Spiro,62.59880758807588
2,13,C+D+S+Pd,Colp,13.84
2,13,C+D+S+Pd,Noise,21.24279069767442
2,13,C+D+S+Pd,Spath,21.32663768115942
2,13,C+D+S+Pd,Spiro,21.254719645788008
2,15,C+D,Colp,232.95457994579945
2,15,C+D,Dexio,264.64780487804876
2,15,C+D+P,Colp,114.02059620596205
2,15,C+D+P,Dexio,82.35282229965156
2,15,C+D+P,Para,297.69127371273714
2,15,C+D+P+Pd,Spath,30.005420054200542
2,15,C+D+P+Pd,Para,18.081290322580646
2,15,C+D+Pd,Noise,25.394495412844037
2,15,C+D+Pd,Spath,25.241795488377416
2,15,C+D+S,Colp,210.82558265582654
2,15,C+D+S,Dexio,217.76433604336043
2,15,C+D+S,Spiro,42.90775067750677
2,15,C+D+S+Pd,Spath,34.772999999999996
2,15,C+D+S+Pd,Spiro,13.84
2,17,C+D,Colp,218.9270460704607
2,17,C+D,Dexio,328.22178861788615
2,17,C+D+P,Colp,243.60650406504067
2,17,C+D+P,Dexio,173.8439024390244
2,17,C+D+P,Para,247.35718157181572
2,17,C+D+P+Pd,Spath,16.45132075471698
2,17,C+D+P+Pd,Para,13.84
2,17,C+D+Pd,Noise,13.84
2,17,C+D+S,Colp,287.3769105691057
2,17,C+D+S,Dexio,185.80856368563684
2,17,C+D+S,Spiro,39.382113821138205
2,17,C+D+S+Pd,Noise,16.985454545454544
2,17,C+D+S+Pd,Spath,19.67875
2,19,C+D,Colp,217.27674796747968
2,19,C+D,Dexio,252.8331707317073
2,19,C+D+P,Colp,239.0681842818428
2,19,C+D+P,Dexio,252.00802168021679
2,19,C+D+P,Para,217.23924119241192
2,19,C+D+P+Pd,Spath,13.84
2,19,C+D+P+Pd,Para,18.808205128205127
2,19,C+D+Pd,Noise,13.84
2,19,C+D+Pd,Spath,13.84
2,19,C+D+S,Colp,301.40444444444444
2,19,C+D+S,Dexio,284.9389701897019
2,19,C+D+S,Spiro,73.66330623306233
2,19,C+D+S+Pd,Noise,13.84
2,21,C+D,Colp,218.7020054200542
2,21,C+D,Dexio,296.1534959349593
2,21,C+D+P,Colp,246.56953929539296
2,21,C+D+P,Dexio,123.35978319783197
2,21,C+D+P,Para,135.09940379403795
2,21,C+D+S,Colp,216.86417344173444
2,21,C+D+S,Dexio,219.2271002710027
2,21,C+D+S,Spiro,69.16249322493225
2,23,C+D,Colp,203.0616802168022
2,23,C+D,Dexio,329.9095934959349
2,23,C+D+P,Colp,188.62157181571814
2,23,C+D+P,Dexio,114.95826558265583
2,23,C+D+P,Para,86.49062330623306
2,23,C+D+P+Pd,Para,13.84
2,23,C+D+S,Colp,233.2171273712737
2,23,C+D+S,Dexio,189.48422764227644
2,23,C+D+S,Spiro,61.54861788617886
2,25,C+D,Colp,185.7710569105691
2,25,C+D,Dexio,212.73842818428184
2,25,C+D+P,Colp,158.87869918699187
2,25,C+D+P,Dexio,195.97289972899728
2,25,C+D+P,Para,82.10233062330623
2,25,C+D+P+Pd,Noise,13.84
2,25,C+D+P+Pd,Spath,13.84
2,25,C+D+Pd,Noise,13.84
2,25,C+D+S,Colp,285.4265582655827
2,25,C+D+S,Dexio,277.8876964769648
2,25,C+D+S,Spiro,89.71620596205962
2,27,C+D,Colp,206.96238482384823
2,27,C+D,Dexio,299.79165311653117
2,27,C+D+P,Colp,98.60531165311653
2,27,C+D+P,Dexio,194.54764227642278
2,27,C+D+P,Para,100.03056910569106
2,27,C+D+S,Colp,210.9381029810298
2,27,C+D+S,Dexio,133.11154471544714
2,27,C+D+S,Spiro,44.633062330623304
2,29,C+D,Colp,181.7953387533875
2,29,C+D,Dexio,303.84238482384825
2,29,C+D+P,Colp,108.16953929539295
2,29,C+D+P,Dexio,190.60943089430893
2,29,C+D+P,Para,114.35815718157181
2,29,C+D+P+Pd,Spath,13.84
2,29,C+D+Pd,Spath,13.84
2,29,C+D+S,Colp,311.4187533875339
2,29,C+D+S,Dexio,167.69279132791328
2,29,C+D+S,Spiro,64.99924119241193
2,29,C+D+S+Pd,Noise,13.84
2,31,C+D,Colp,168.59295392953928
2,31,C+D,Dexio,343.9371273712737
2,31,C+D+P,Colp,75.61365853658536
2,31,C+D+P,Dexio,204.18688346883468
2,31,C+D+P,Para,88.32845528455285
2,31,C+D+S,Colp,261.3472086720867
2,31,C+D+S,Dexio,188.99663956639566
2,31,C+D+S,Spiro,58.658136745301874
2,33,C+D,Colp,264.0852032520325
2,33,C+D,Dexio,269.56119241192414
2,33,C+D+P,Colp,50.44507530321204
2,33,C+D+P,Dexio,213.93864498644984
2,33,C+D+P,Para,29.142764227642274
2,33,C+D+S,Colp,273.6869376693767
2,33,C+D+S,Dexio,238.91815718157181
2,33,C+D+S,Spiro,33.49355013550135
2,35,C+D,Colp,133.48661246612465
2,35,C+D,Dexio,345.36238482384823
2,35,C+D+P,Colp,13.84
2,35,C+D+P,Dexio,155.61560975609754
2,35,C+D+P,Para,17.103089430894308
2,35,C+D+S,Colp,311.41875338753385
2,35,C+D+S,Dexio,180.7451490514905
2,35,C+D+S,Spiro,54.901025340150305
2,37,C+D,Colp,155.69062330623305
2,37,C+D,Dexio,330.43468834688343
2,37,C+D+P,Colp,24.80298948310584
2,37,C+D+P,Dexio,218.96455284552843
2,37,C+D+P,Para,13.84
2,37,C+D+Pd,Noise,13.84
2,37,C+D+S,Colp,133.03653116531166
2,37,C+D+S,Dexio,149.5020054200542
2,37,C+D+S,Spiro,62.41127371273713
2,39,C+D,Colp,163.75457994579946
2,39,C+D,Dexio,305.19262872628724
2,39,C+D+P,Colp,53.74720867208672
2,39,C+D+P,Dexio,236.78027100271
2,39,C+D+S,Colp,290.4149593495935
2,39,C+D+S,Dexio,171.21842818428183
2,39,C+D+S,Spiro,39.87080894468921
2,41,C+D,Colp,89.56617886178861
2,41,C+D,Dexio,301.8170189701897
2,41,C+D+P,Colp,20.534959349593496
2,41,C+D+P,Dexio,176.61940379403794
2,41,C+D+P,Para,19.058360655737705
2,41,C+D+P+Pd,Para,13.84
2,41,C+D+S,Colp,155.7281300813008
2,41,C+D+S,Dexio,140.80043360433604
2,41,C+D+S,Spiro,29.81788617886179
2,41,C+D+S+Pd,Noise,13.84
2,43,C+D,Colp,27.474914860656348
2,43,C+D,Dexio,340.5240108401084
2,43,C+D+P,Colp,17.890731707317073
2,43,C+D+P,Dexio,200.66124661246613
2,43,C+D+P,Para,20.362298850574714
2,43,C+D+P+Pd,Para,13.84
2,43,C+D+S,Colp,233.10460704607044
2,43,C+D+S,Dexio,176.28184281842817
2,43,C+D+S,Spiro,39.278733802464075
2,43,C+D+S+Pd,Noise,13.84
2,45,C+D,Colp,20.64747967479675
2,45,C+D,Dexio,405.48574525745255
2,45,C+D+P,Colp,62.44878048780488
2,45,C+D+P,Dexio,201.71143631436314
2,45,C+D+S,Colp,243.08140921409213
2,45,C+D+S,Dexio,199.1609756097561
2,45,C+D+S,Spiro,31.69322493224932
2,47,C+D,Colp,13.84
2,47,C+D,Dexio,263.410081300813
2,47,C+D+P,Dexio,197.28563685636857
2,47,C+D+S,Colp,190.23436314363144
2,47,C+D+S,Dexio,149.8770731707317
2,47,C+D+S,Spiro,36.11030188441419
2,49,C+D,Dexio,154.34037940379403
2,49,C+D+P,Colp,13.84
2,49,C+D+P,Dexio,112.18276422764227
2,49,C+D+S,Colp,231.11674796747968
2,49,C+D+S,Dexio,126.73539295392953
2,49,C+D+S,Spiro,48.008672086720864
2,51,C+D,Dexio,104.49387533875338
2,51,C+D+P,Dexio,106.48173441734417
2,51,C+D+P,Para,14.895593220338982
2,51,C+D+S,Colp,236.93029810298103
2,51,C+D+S,Dexio,159.40379403794037
2,51,C+D+S,Spiro,27.15490514905149
2,53,C+D,Dexio,84.35273712737127
2,53,C+D+P,Colp,17.2127731092437
2,53,C+D+P,Dexio,121.7469918699187
2,53,C+D+S,Colp,208.350135501355
2,53,C+D+S,Dexio,169.5681300813008
2,53,C+D+S,Spiro,34.656260162601626
3,1,C+D,Colp,198.52336043360432
3,1,C+D,Dexio,213.15100271002711
3,1,C+D+P,Colp,167.09268292682927
3,1,C+D+P,Dexio,150.70222222222222
3,1,C+D+P,Para,107.49441734417344
3,1,C+D+P+Pd,Colp,109.70075338753388
3,1,C+D+P+Pd,Dexio,110.79501355013551
3,1,C+D+P+Pd,Noise,13.84
3,1,C+D+P+Pd,Spath,29.45953368269158
3,1,C+D+P+Pd,Para,49.599868604746646
3,1,C+D+Pd,Colp,61.490689932195764
3,1,C+D+Pd,Dexio,129.0814109911591
3,1,C+D+Pd,Noise,13.84
3,1,C+D+Pd,Spath,25.010579753939133
3,1,C+D+S,Colp,283.2511653116531
3,1,C+D+S,Dexio,219.52715447154472
3,1,C+D+S,Spiro,38.819819627704476
3,1,C+D+S+Pd,Colp,115.44135396346512
3,1,C+D+S+Pd,Dexio,169.83067750677506
3,1,C+D+S+Pd,Noise,13.84
3,1,C+D+S+Pd,Spath,32.46409552238806
3,1,C+D+S+Pd,Spiro,24.97951219512195
3,3,C+D,Colp,409.0113821138211
3,3,C+D,Dexio,509.4920325203252
3,3,C+D+P,Colp,116.25288503054522
3,3,C+D+P,Dexio,262.47241192411923
3,3,C+D+P,Para,264.2352303523035
3,3,C+D+P+Pd,Colp,96.49271094059254
3,3,C+D+P+Pd,Dexio,247.58625187574188
3,3,C+D+P+Pd,Noise,17.3
3,3,C+D+P+Pd,Spath,68.8707036443568
3,3,C+D+P+Pd,Para,84.740994073677
3,3,C+D+Pd,Colp,92.86677506775068
3,3,C+D+Pd,Dexio,246.3069918699187
3,3,C+D+Pd,Noise,25.080302243211335
3,3,C+D+Pd,Spath,48.593509872241576
3,3,C+D+S,Colp,200.13615176151762
3,3,C+D+S,Dexio,164.61723577235773
3,3,C+D+S,Spiro,38.59447154471545
3,3,C+D+S+Pd,Colp,155.65499186991872
3,3,C+D+S+Pd,Dexio,278.6378319783198
3,3,C+D+S+Pd,Noise,23.54787603930461
3,3,C+D+S+Pd,Spath,48.89500022213336
3,3,C+D+S+Pd,Spiro,32.20077629163388
3,5,C+D,Colp,221.3649864498645
3,5,C+D,Dexio,342.9244444444444
3,5,C+D+P,Colp,150.1021138211382
3,5,C+D+P,Dexio,353.9889430894309
3,5,C+D+P,Para,317.1572899728998
3,5,C+D+P+Pd,Colp,139.40049322493223
3,5,C+D+P+Pd,Dexio,266.1855826558266
3,5,C+D+P+Pd,Noise,13.84
3,5,C+D+P+Pd,Spath,92.09413550135501
3,5,C+D+P+Pd,Para,91.70312737127371
3,5,C+D+Pd,Colp,160.4319614131921
3,5,C+D+Pd,Dexio,449.36867208672084
3,5,C+D+Pd,Noise,56.50813220559867
3,5,C+D+Pd,Spath,89.15172899728998
3,5,C+D+S,Colp,180.220054200542
3,5,C+D+S,Dexio,307.5930623306233
3,5,C+D+S,Spiro,40.582330623306234
3,5,C+D+S+Pd,Colp,129.27238968799944
3,5,C+D+S+Pd,Dexio,197.4731707317073
3,5,C+D+S+Pd,Noise,22.71143437626981
3,5,C+D+S+Pd,Spath,32.037563812033376
3,5,C+D+S+Pd,Spiro,29.699739837398376
3,7,C+D,Colp,465.1965311653116
3,7,C+D,Dexio,479.33658536585364
3,7,C+D+P,Colp,206.96238482384825
3,7,C+D+P,Dexio,279.9130623306233
3,7,C+D+P,Para,455.21972899728996
3,7,C+D+P+Pd,Colp,118.4549199310175
3,7,C+D+P+Pd,Dexio,326.4964769647696
3,7,C+D+P+Pd,Noise,18.585142857142856
3,7,C+D+P+Pd,Spath,126.66599307365814
3,7,C+D+P+Pd,Para,146.40253929539296
3,7,C+D+Pd,Colp,198.37333333333333
3,7,C+D+Pd,Dexio,306.880433604336
3,7,C+D+Pd,Noise,23.233092833092833
3,7,C+D+Pd,Spath,60.58122655269342
3,7,C+D+S,Colp,196.76054200542006
3,7,C+D+S,Dexio,326.1214092140921
3,7,C+D+S,Spiro,42.570189701897014
3,7,C+D+S+Pd,Colp,78.89114789005033
3,7,C+D+S+Pd,Dexio,136.5621680216802
3,7,C+D+S+Pd,Noise,19.311627906976742
3,7,C+D+S+Pd,Spath,39.30510598152909
3,7,C+D+S+Pd,Spiro,26.717139505723416
3,9,C+D,Colp,268.17344173441734
3,9,C+D,Dexio,385.1570731707317
3,9,C+D+P,Colp,258.12162601626017
3,9,C+D+P,Dexio,302.6421680216802
3,9,C+D+P,Para,437.2539837398374
3,9,C+D+P+Pd,Colp,200.8596695515342
3,9,C+D+P+Pd,Dexio,248.64870585099294
3,9,C+D+P+Pd,Spath,47.87739837398374
3,9,C+D+P+Pd,Para,129.12361505010398
3,9,C+D+Pd,Colp,125.72271002710028
3,9,C+D+Pd,Dexio,127.67306233062331
3,9,C+D+Pd,Noise,19.0876910088645
3,9,C+D+Pd,Spath,17.109644012944983
3,9,C+D+S,Colp,214.0511653116531
3,9,C+D+S,Dexio,220.23978319783197
3,9,C+D+S,Spiro,29.89289972899729
3,9,C+D+S+Pd,Colp,157.07837398373982
3,9,C+D+S+Pd,Dexio,162.21680216802167
3,9,C+D+S+Pd,Noise,13.84
3,9,C+D+S+Pd,Spath,34.71988911988912
3,9,C+D+S+Pd,Spiro,22.785365853658536
3,11,C+D,Colp,368.7666124661246
3,11,C+D,Dexio,505.4788075880759
3,11,C+D+P,Colp,82.9649864498645
3,11,C+D+P,Dexio,75.6137050325875
3,11,C+D+P,Para,352.41365853658533
3,11,C+D+P+Pd,Colp,87.66687744655223
3,11,C+D+P+Pd,Dexio,79.58845439601937
3,11,C+D+P+Pd,Spath,26.270330806261647
3,11,C+D+P+Pd,Para,56.67677631853241
3,11,C+D+Pd,Colp,13.84
3,11,C+D+Pd,Dexio,13.84
3,11,C+D+Pd,Spath,13.84
3,11,C+D+S,Colp,201.78644986449865
3,11,C+D+S,Dexio,116.00845528455285
3,11,C+D+S,Spiro,42.34514905149051
3,11,C+D+S+Pd,Dexio,28.91937566137566
3,11,C+D+S+Pd,Noise,13.84
3,11,C+D+S+Pd,Spath,13.84
3,11,C+D+S+Pd,Spiro,13.84
3,13,C+D,Colp,285.4640650406504
3,13,C+D,Dexio,260.70959349593494
3,13,C+D+P,Colp,139.71273712737127
3,13,C+D+P,Dexio,76.25127371273712
3,13,C+D+P,Para,279.2288870199047
3,13,C+D+P+Pd,Colp,18.763846153846153
3,13,C+D+P+Pd,Dexio,40.06822913746379
3,13,C+D+P+Pd,Noise,13.84
3,13,C+D+P+Pd,Spath,24.90299837398374
3,13,C+D+P+Pd,Para,24.133027322404374
3,13,C+D+Pd,Spath,15.55056179775281
3,13,C+D+S,Colp,172.19360433604336
3,13,C+D+S,Dexio,103.59371273712736
3,13,C+D+S,Spiro,39.49463414634147
3,13,C+D+S+Pd,Spath,13.84
3,13,C+D+S+Pd,Spiro,13.84
3,15,C+D,Colp,234.679891598916
3,15,C+D,Dexio,270.7239024390244
3,15,C+D+P,Colp,109.22333541796957
3,15,C+D+P,Dexio,74.06995863642847
3,15,C+D+P,Para,184.00823848238483
3,15,C+D+P+Pd,Spath,38.10003560302626
3,15,C+D+P+Pd,Para,16.089
3,15,C+D+Pd,Colp,13.84
3,15,C+D+Pd,Noise,13.84
3,15,C+D+Pd,Spath,43.132791327913274
3,15,C+D+S,Colp,163.9421138211382
3,15,C+D+S,Dexio,201.14883468834688
3,15,C+D+S,Spiro,26.24911653116531
3,15,C+D+S+Pd,Colp,13.84
3,15,C+D+S+Pd,Noise,17.018074074074075
3,15,C+D+S+Pd,Spiro,13.84
3,17,C+D,Colp,252.6081300813008
3,17,C+D,Dexio,295.51588075880755
3,17,C+D+P,Colp,129.3608672086721
3,17,C+D+P,Dexio,141.47555555555556
3,17,C+D+P,Para,253.50829268292682
3,17,C+D+P+Pd,Spath,30.473317073170733
3,17,C+D+P+Pd,Para,13.84
3,17,C+D+Pd,Noise,15.645217391304348
3,17,C+D+Pd,Spath,19.824864864864864
3,17,C+D+S,Colp,281.18829268292683
3,17,C+D+S,Dexio,197.1731165311653
3,17,C+D+S,Spiro,54.31337499160116
3,17,C+D+S+Pd,Dexio,13.84
3,17,C+D+S+Pd,Noise,18.767878787878786
3,17,C+D+S+Pd,Spath,25.423478260869565
3,17,C+D+S+Pd,Spiro,18.67837398373984
3,19,C+D,Colp,284.7139295392954
3,19,C+D,Dexio,373.3424390243902
3,19,C+D+P,Colp,177.1069918699187
3,19,C+D+P,Dexio,182.02037940379404
3,19,C+D+P,Para,222.90276422764228
3,19,C+D+P+Pd,Noise,13.84
3,19,C+D+P+Pd,Spath,29.817886178861787
3,19,C+D+Pd,Spath,13.84
3,19,C+D+S,Colp,208.4251490514905
3,19,C+D+S,Dexio,359.6149593495935
3,19,C+D+S,Spiro,66.38699186991869
3,21,C+D,Colp,209.96292682926827
3,21,C+D,Dexio,330.9972899728997
3,21,C+D+P,Colp,208.53766937669374
3,21,C+D+P,Dexio,118.44639566395664
3,21,C+D+P,Para,182.53594384468437
3,21,C+D+P+Pd,Spath,13.84
3,21,C+D+S,Colp,277.3250948509485
3,21,C+D+S,Dexio,236.36769647696477
3,21,C+D+S,Spiro,74.9010298102981
3,23,C+D,Colp,322.1831978319783
3,23,C+D,Dexio,354.06395663956636
3,23,C+D+P,Colp,106.70677506775068
3,23,C+D+P,Dexio,49.22212657420692
3,23,C+D+P,Para,158.87869918699187
3,23,C+D+S,Colp,173.54384823848238
3,23,C+D+S,Dexio,149.6520325203252
3,23,C+D+S,Spiro,43.35783197831978
3,25,C+D,Colp,285.6140921409214
3,25,C+D,Dexio,348.8880216802168
3,25,C+D+P,Colp,131.40996183839388
3,25,C+D+P,Dexio,154.34037940379403
3,25,C+D+P,Para,120.73430894308943
3,25,C+D+P+Pd,Spath,13.84
3,25,C+D+S,Colp,203.84932249322492
3,25,C+D+S,Dexio,240.6059620596206
3,25,C+D+S,Spiro,45.720758807588076
3,27,C+D,Colp,204.89951219512196
3,27,C+D,Dexio,363.8532249322493
3,27,C+D+P,Colp,95.85015295576684
3,27,C+D+P,Dexio,82.58407748011906
3,27,C+D+P,Para,82.20973638827297
3,27,C+D+P+Pd,Noise,13.84
3,27,C+D+P+Pd,Spath,13.84
3,27,C+D+P+Pd,Para,13.84
3,27,C+D+Pd,Colp,13.84
3,27,C+D+S,Colp,230.51663956639567
3,27,C+D+S,Dexio,129.9609756097561
3,27,C+D+S,Spiro,32.21273081650531
3,27,C+D+S+Pd,Noise,13.84
3,29,C+D,Colp,225.71577235772358
3,29,C+D,Dexio,338.12357723577236
3,29,C+D+P,Colp,126.92292682926829
3,29,C+D+P,Dexio,90.20379403794038
3,29,C+D+P,Para,114.92075880758807
3,29,C+D+S,Colp,199.64856368563684
3,29,C+D+S,Dexio,120.92184281842819
3,29,C+D+S,Spiro,46.17084010840108
3,31,C+D,Colp,270.3113279132791
3,31,C+D,Dexio,396.44661246612463
3,31,C+D+P,Colp,152.390027100271
3,31,C+D+P,Dexio,77.49191043755098
3,31,C+D+P,Para,105.76910569105691
3,31,C+D+Pd,Colp,13.84
3,31,C+D+S,Colp,165.21734417344172
3,31,C+D+S,Dexio,228.5662872628726
3,31,C+D+S,Spiro,22.2790243902439
3,33,C+D,Colp,259.6969105691057
3,33,C+D,Dexio,252.9081842818428
3,33,C+D+P,Colp,74.5259620596206
3,33,C+D+P,Dexio,54.159783197831985
3,33,C+D+P,Para,46.80845528455284
3,33,C+D+S,Colp,198.67338753387534
3,33,C+D+S,Dexio,214.2762059620596
3,33,C+D+S,Spiro,34.99382113821138
3,35,C+D,Colp,165.179837398374
3,35,C+D,Dexio,295.0282926829268
3,35,C+D+P,Colp,18.09846153846154
3,35,C+D+P,Dexio,43.39158807588076
3,35,C+D+P,Para,30.90708292682927
3,35,C+D+S,Colp,190.87197831978318
3,35,C+D+S,Dexio,258.45918699186996
3,35,C+D+S,Spiro,53.55967479674796
3,37,C+D,Colp,139.41268292682926
3,37,C+D,Dexio,306.4678590785908
3,37,C+D+P,Colp,14.416666666666666
3,37,C+D+P,Dexio,76.43023461091754
3,37,C+D+P,Para,53.67219512195122
3,37,C+D+Pd,Noise,13.84
3,37,C+D+S,Colp,79.66439024390245
3,37,C+D+S,Dexio,201.03631436314362
3,37,C+D+S,Spiro,40.84487804878049
3,39,C+D,Colp,123.24726287262872
3,39,C+D,Dexio,296.1159891598916
3,39,C+D+P,Colp,55.88914963744232
3,39,C+D+P,Dexio,80.71457994579946
3,39,C+D+P,Para,29.998722415795584
3,39,C+D+S,Colp,124.6350135501355
3,39,C+D+S,Dexio,266.11056910569107
3,39,C+D+S,Spiro,22.61658536585366
3,41,C+D,Colp,104.19382113821138
3,41,C+D,Dexio,299.7541463414634
3,41,C+D+P,Colp,77.10822198656768
3,41,C+D+P,Dexio,53.10959349593495
3,41,C+D+P,Para,51.92813008130081
3,41,C+D+S,Colp,89.37864498644986
3,41,C+D+S,Dexio,196.8730623306233
3,41,C+D+S,Spiro,49.43392953929539
3,41,C+D+S+Pd,Noise,13.84
3,43,C+D,Colp,85.17788617886178
3,43,C+D,Dexio,300.6168021680217
3,43,C+D+P,Colp,66.31105602203563
3,43,C+D+P,Dexio,61.62363143631436
3,43,C+D+P,Para,14.619718309859156
3,43,C+D+S,Colp,112.67035230352303
3,43,C+D+S,Dexio,249.60758807588076
3,43,C+D+S,Spiro,34.46872628726287
3,45,C+D,Colp,74.26341463414634
3,45,C+D,Dexio,362.76552845528454
3,45,C+D+P,Colp,121.40943089430894
3,45,C+D+P,Dexio,100.55566395663956
3,45,C+D+P,Para,39.26175396508063
3,45,C+D+S,Colp,117.39620596205962
3,45,C+D+S,Dexio,319.4452032520325
3,45,C+D+S,Spiro,30.98059620596206
3,47,C+D,Colp,13.84
3,47,C+D,Dexio,139.0751219512195
3,47,C+D+P,Colp,74.78850948509485
3,47,C+D+P,Dexio,97.27382113821139
3,47,C+D+P,Para,15.296842105263158
3,47,C+D+S,Colp,62.48628726287262
3,47,C+D+S,Dexio,328.9344173441734
3,47,C+D+S,Spiro,44.895609756097556
3,49,C+D,Colp,13.84
3,49,C+D,Dexio,144.13853658536584
3,49,C+D+P,Colp,48.30872628726287
3,49,C+D+P,Dexio,45.00813008130081
3,49,C+D+P,Para,18.953711847273343
3,49,C+D+S,Colp,21.49607046070461
3,49,C+D+S,Dexio,228.30373983739838
3,49,C+D+S,Spiro,21.87926863572433
3,51,C+D,Colp,13.84
3,51,C+D,Dexio,200.3611924119241
3,51,C+D+P,Colp,50.67165311653116
3,51,C+D+P,Dexio,98.39902439024391
3,51,C+D+P,Para,28.69268292682927
3,51,C+D+S,Colp,23.066666666666666
3,51,C+D+S,Dexio,303.0922493224932
3,51,C+D+S,Spiro,38.34130081300813
3,53,C+D,Colp,13.84
3,53,C+D,Dexio,141.17550135501355
3,53,C+D+P,Colp,67.39967479674797
3,53,C+D+P,Dexio,57.12281842818428
3,53,C+D+P,Para,33.3060162601626
3,53,C+D+S,Colp,20.778753387533875
3,53,C+D+S,Dexio,278.45029810298104
3,53,C+D+S,Spiro,26.779837398373985
4,1,C+D,Colp,125.91024390243902
4,1,C+D,Dexio,125.08509485094851
4,1,C+D+P,Colp,142.63826558265583
4,1,C+D+P,Dexio,232.9920867208672
4,1,C+D+P,Para,132.7206335856462
4,1,C+D+P+Pd,Colp,68.87030395184922
4,1,C+D+P+Pd,Dexio,110.8374740502122
4,1,C+D+P+Pd,Spath,20.677877295118673
4,1,C+D+P+Pd,Para,30.333927670311184
4,1,C+D+Pd,Colp,63.502918271287975
4,1,C+D+Pd,Dexio,105.6190785907859
4,1,C+D+Pd,Noise,13.84
4,1,C+D+Pd,Spath,15.942254742547425
4,1,C+D+S,Colp,242.29376693766937
4,1,C+D+S,Dexio,170.0932249322493
4,1,C+D+S,Spiro,32.28427449359239
4,1,C+D+S+Pd,Colp,82.0482954388866
4,1,C+D+S+Pd,Dexio,167.95533875338754
4,1,C+D+S+Pd,Noise,17.3
4,1,C+D+S+Pd,Spath,27.369964157706093
4,1,C+D+S+Pd,Spiro,18.77085020242915
4,3,C+D,Colp,232.4669918699187
4,3,C+D,Dexio,416.36271002710026
4,3,C+D+P,Colp,136.29962059620595
4,3,C+D+P,Dexio,280.55067750677506
4,3,C+D+P,Para,246.71956639566395
4,3,C+D+P+Pd,Colp,213.8811103217828
4,3,C+D+P+Pd,Dexio,306.43455867082037
4,3,C+D+P+Pd,Noise,14.82857142857143
4,3,C+D+P+Pd,Spath,142.16328754322026
4,3,C+D+P+Pd,Para,73.65418296345125
4,3,C+D+Pd,Colp,142.1131707317073
4,3,C+D+Pd,Dexio,356.5769105691057
4,3,C+D+Pd,Noise,45.86572431394217
4,3,C+D+Pd,Spath,62.68761319993075
4,3,C+D+S,Colp,294.69073170731707
4,3,C+D+S,Dexio,268.8860704607046
4,3,C+D+S,Spiro,39.1855783197832
4,3,C+D+S+Pd,Colp,184.8708943089431
4,3,C+D+S+Pd,Dexio,334.33539295392956
4,3,C+D+S+Pd,Noise,24.08622779519331
4,3,C+D+S+Pd,Spath,47.693956822023665
4,3,C+D+S+Pd,Spiro,17.21355490162137
4,5,C+D,Colp,245.25680216802166
4,5,C+D,Dexio,238.5430894308943
4,5,C+D+P,Colp,77.15143631436314
4,5,C+D+P,Dexio,312.28140921409215
4,5,C+D+P,Para,275.8623306233062
4,5,C+D+P+Pd,Colp,235.01745257452575
4,5,C+D+P+Pd,Dexio,373.3378275356524
4,5,C+D+P+Pd,Noise,13.84
4,5,C+D+P+Pd,Spath,121.7239107775693
4,5,C+D+P+Pd,Para,161.4370838581625
4,5,C+D+Pd,Colp,149.76455284552844
4,5,C+D+Pd,Dexio,288.8771815718157
4,5,C+D+Pd,Noise,25.23225034180186
4,5,C+D+Pd,Spath,51.039576719576715
4,5,C+D+S,Colp,291.65268292682924
4,5,C+D+S,Dexio,210.2629810298103
4,5,C+D+S,Spiro,57.64791327913279
4,5,C+D+S+Pd,Colp,217.68932249322492
4,5,C+D+S+Pd,Dexio,276.61246612466124
4,5,C+D+S+Pd,Noise,30.346751152073733
4,5,C+D+S+Pd,Spath,56.56734618916437
4,5,C+D+S+Pd,Spiro,40.769864498644985
4,7,C+D,Colp,218.88953929539295
4,7,C+D,Dexio,246.5320325203252
4,7,C+D+P,Colp,138.51252032520324
4,7,C+D+P,Dexio,223.65289972899728
4,7,C+D+P,Para,235.54254742547425
4,7,C+D+P+Pd,Colp,349.67566395663954
4,7,C+D+P+Pd,Dexio,560.1636856368564
4,7,C+D+P+Pd,Noise,13.84
4,7,C+D+P+Pd,Spath,176.99447154471545
4,7,C+D+P+Pd,Para,291.390135501355
4,7,C+D+Pd,Colp,166.980162601626
4,7,C+D+Pd,Dexio,320.270352303523
4,7,C+D+Pd,Noise,25.138411799796476
4,7,C+D+Pd,Spath,72.46470871961822
4,7,C+D+S,Colp,237.98048780487807
4,7,C+D+S,Dexio,241.84368563685638
4,7,C+D+S,Spiro,73.81333333333333
4,7,C+D+S+Pd,Colp,152.57756097560977
4,7,C+D+S+Pd,Dexio,225.49073170731705
4,7,C+D+S+Pd,Noise,13.84
4,7,C+D+S+Pd,Spath,60.072994192799065
4,7,C+D+S+Pd,Spiro,20.870098058315474
4,9,C+D,Colp,241.46861788617883
4,9,C+D,Dexio,322.1081842818428
4,9,C+D+P,Colp,158.0160433604336
4,9,C+D+P,Dexio,242.06872628726285
4,9,C+D+P,Para,332.08498644986446
4,9,C+D+P+Pd,Colp,280.28813008130084
4,9,C+D+P+Pd,Dexio,320.870460704607
4,9,C+D+P+Pd,Noise,13.84
4,9,C+D+P+Pd,Spath,73.75980265826533
4,9,C+D+P+Pd,Para,158.04037207939646
4,9,C+D+Pd,Colp,160.86655826558265
4,9,C+D+Pd,Dexio,186.16862872628724
4,9,C+D+Pd,Noise,21.23575
4,9,C+D+Pd,Spath,33.1453952991453
4,9,C+D+S,Colp,237.60542005420055
4,9,C+D+S,Dexio,230.89170731707316
4,9,C+D+S,Spiro,43.62037940379404
4,9,C+D+S+Pd,Colp,170.0182113821138
4,9,C+D+S+Pd,Dexio,288.31457994579944
4,9,C+D+S+Pd,Noise,19.667368421052632
4,9,C+D+S+Pd,Spath,28.057880758807585
4,9,C+D+S+Pd,Spiro,30.09469237832874
4,11,C+D,Colp,177.36953929539294
4,11,C+D,Dexio,242.21875338753387
4,11,C+D+P,Colp,90.57886178861789
4,11,C+D+P,Dexio,51.384281842818424
4,11,C+D+P,Para,272.29918699186993
4,11,C+D+P+Pd,Colp,138.099945799458
4,11,C+D+P+Pd,Dexio,174.62613136646831
4,11,C+D+P+Pd,Spath,57.435811595346856
4,11,C+D+P+Pd,Para,59.45440467774243
4,11,C+D+Pd,Colp,13.84
4,11,C+D+Pd,Dexio,15.056703296703297
4,11,C+D+Pd,Spath,13.84
4,11,C+D+S,Colp,188.84661246612467
4,11,C+D+S,Dexio,88.70352303523035
4,11,C+D+S,Spiro,38.10688346883469
4,11,C+D+S+Pd,Dexio,13.84
4,11,C+D+S+Pd,Spath,13.84
4,11,C+D+S+Pd,Spiro,13.84
4,13,C+D,Colp,246.71956639566395
4,13,C+D,Dexio,309.6934417344174
4,13,C+D+P,Colp,164.84227642276423
4,13,C+D+P,Dexio,102.76856368563685
4,13,C+D+P,Para,252.00802168021679
4,13,C+D+P+Pd,Colp,17.495849056603774
4,13,C+D+P+Pd,Dexio,34.31388461538461
4,13,C+D+P+Pd,Spath,59.01520571569352
4,13,C+D+P+Pd,Para,24.62459677419355
4,13,C+D+Pd,Noise,13.84
4,13,C+D+Pd,Spath,24.20491575350536
4,13,C+D+S,Colp,208.68769647696476
4,13,C+D+S,Dexio,203.43674796747968
4,13,C+D+S,Spiro,27.64249322493225
4,13,C+D+S+Pd,Colp,13.84
4,13,C+D+S+Pd,Dexio,13.84
4,13,C+D+S+Pd,Spath,22.429051490514905
4,13,C+D+S+Pd,Spiro,16.240433604336044
4,15,C+D,Colp,239.78081300813008
4,15,C+D,Dexio,284.2638482384824
4,15,C+D+P,Colp,101.23078590785907
4,15,C+D+P,Dexio,91.10395663956639
4,15,C+D+P,Para,216.07653116531165
4,15,C+D+P+Pd,Dexio,13.84
4,15,C+D+P+Pd,Spath,33.05586776859504
4,15,C+D+P+Pd,Para,13.84
4,15,C+D+Pd,Noise,13.84
4,15,C+D+Pd,Spath,20.759999999999998
4,15,C+D+S,Colp,278.600325203252
4,15,C+D+S,Dexio,214.95132791327913
4,15,C+D+S,Spiro,28.69079182892669
4,15,C+D+S+Pd,Spath,22.504065040650403
4,15,C+D+S+Pd,Spiro,22.58105263157895
4,17,C+D,Colp,197.58569105691058
4,17,C+D,Dexio,162.66688346883467
4,17,C+D+P,Colp,108.46959349593496
4,17,C+D+P,Dexio,108.01951219512195
4,17,C+D+P,Para,174.6690514905149
4,17,C+D+P+Pd,Spath,34.28947879246234
4,17,C+D+P+Pd,Para,21.137454545454545
4,17,C+D+Pd,Noise,18.14734693877551
4,17,C+D+Pd,Spath,13.84
4,17,C+D+S,Colp,233.14211382113822
4,17,C+D+S,Dexio,278.26276422764226
4,17,C+D+S,Spiro,40.80737127371274
4,17,C+D+S+Pd,Noise,16.389473684210525
4,17,C+D+S+Pd,Spath,13.84
4,17,C+D+S+Pd,Spiro,15.19686274509804
4,19,C+D,Colp,287.2643902439024
4,19,C+D,Dexio,268.09842818428183
4,19,C+D+P,Colp,122.30959349593496
4,19,C+D+P,Dexio,191.6971273712737
4,19,C+D+P,Para,182.8080216802168
4,19,C+D+P+Pd,Noise,13.84
4,19,C+D+P+Pd,Spath,23.5730081300813
4,19,C+D+Pd,Noise,13.84
4,19,C+D+S,Colp,269.6362059620596
4,19,C+D+S,Dexio,335.83566395663956
4,19,C+D+S,Spiro,56.67898825654923
4,19,C+D+S+Pd,Spiro,13.84
4,21,C+D,Colp,297.3162059620596
4,21,C+D,Dexio,234.19230352303524
4,21,C+D+P,Colp,122.45962059620597
4,21,C+D+P,Dexio,149.83956639566395
4,21,C+D+P,Para,124.7850406504065
4,21,C+D+S,Colp,166.83013550135502
4,21,C+D+S,Dexio,246.2319783197832
4,21,C+D+S,Spiro,71.26287262872629
4,23,C+D,Colp,208.23761517615176
4,23,C+D,Dexio,244.88173441734418
4,23,C+D+P,Colp,110.1949051490515
4,23,C+D+P,Dexio,52.9539403794038
4,23,C+D+P,Para,142.82579945799458
4,23,C+D+S,Colp,218.70200542005418
4,23,C+D+S,Dexio,181.7953387533875
4,23,C+D+S,Spiro,40.35728997289973
4,25,C+D,Colp,234.79241192411922
4,25,C+D,Dexio,225.0781571815718
4,25,C+D+P,Colp,131.34872628726288
4,25,C+D+P,Dexio,133.0740379403794
4,25,C+D+P,Para,103.36867208672088
4,25,C+D+S,Colp,211.08813008130082
4,25,C+D+S,Dexio,254.33344173441733
4,25,C+D+S,Spiro,44.1079674796748
4,25,C+D+S+Pd,Spiro,13.84
4,27,C+D,Colp,230.06655826558264
4,27,C+D,Dexio,268.32346883468836
4,27,C+D+P,Colp,63.011382113821135
4,27,C+D+P,Dexio,69.91262872628727
4,27,C+D+P,Para,136.0370731707317
4,27,C+D+S,Colp,241.73116531165311
4,27,C+D+S,Dexio,128.01062330623304
4,27,C+D+S,Spiro,43.05777777777777
4,27,C+D+S+Pd,Spiro,13.84
4,29,C+D,Colp,136.1120867208672
4,29,C+D,Dexio,261.2721951219512
4,29,C+D+P,Colp,61.39859078590786
4,29,C+D+P,Dexio,78.53918699186993
4,29,C+D+P,Para,120.39674796747967
4,29,C+D+S,Colp,235.24249322493225
4,29,C+D+S,Dexio,96.16737127371273
4,29,C+D+S,Spiro,31.280650406504062
4,31,C+D,Colp,159.14124661246612
4,31,C+D,Dexio,275.4872628726287
4,31,C+D+P,Colp,58.510569105691054
4,31,C+D+P,Dexio,59.635772357723575
4,31,C+D+P,Para,48.946341463414626
4,31,C+D+S,Colp,157.30341463414635
4,31,C+D+S,Dexio,115.67089430894309
4,31,C+D+S,Spiro,43.207804878048776
4,33,C+D,Colp,228.86634146341464
4,33,C+D,Dexio,218.21441734417346
4,33,C+D+P,Colp,30.643035230352304
4,33,C+D+P,Dexio,62.261246612466124
4,33,C+D+P,Para,37.91934959349594
4,33,C+D+S,Colp,131.1908196123978
4,33,C+D+S,Dexio,184.98341463414633
4,33,C+D+S,Spiro,72.42558265582656
4,35,C+D,Colp,138.850081300813
4,35,C+D,Dexio,348.6254742547425
4,35,C+D+P,Colp,20.478699186991868
4,35,C+D+P,Dexio,57.08531165311653
4,35,C+D+P,Para,39.082059620596205
4,35,C+D+S,Colp,113.87056910569105
4,35,C+D+S,Dexio,210.56303523035228
4,35,C+D+S,Spiro,36.45321397034195
4,37,C+D,Colp,148.9769105691057
4,37,C+D,Dexio,243.4939837398374
4,37,C+D+P,Colp,18.24492861386979
4,37,C+D+P,Dexio,75.72617886178861
4,37,C+D+P,Para,20.622160509132986
4,37,C+D+P+Pd,Para,13.84
4,37,C+D+S,Colp,141.7381029810298
4,37,C+D+S,Dexio,186.97127371273712
4,37,C+D+S,Spiro,44.070460704607044
4,37,C+D+S+Pd,Noise,13.84
4,39,C+D,Colp,65.44932249322493
4,39,C+D,Dexio,356.0893224932249
4,39,C+D+P,Colp,80.11447154471544
4,39,C+D+P,Dexio,39.71967479674797
4,39,C+D+P,Para,13.84
4,39,C+D+S,Colp,171.51848238482384
4,39,C+D+S,Dexio,203.84932249322492
4,39,C+D+S,Spiro,36.07992834504616
4,41,C+D,Colp,87.50330623306233
4,41,C+D,Dexio,306.0177777777778
4,41,C+D+P,Colp,49.99653116531165
4,41,C+D+P,Dexio,38.81951219512195
4,41,C+D+P,Para,16.272484848484847
4,41,C+D+P+Pd,Para,13.84
4,41,C+D+S,Colp,58.06048780487805
4,41,C+D+S,Dexio,223.01528455284551
4,41,C+D+S,Spiro,35.95024390243903
4,43,C+D,Colp,40.207262872628725
4,43,C+D,Dexio,275.29972899729
4,43,C+D+P,Colp,76.06373983739837
4,43,C+D+P,Dexio,86.4531165311653
4,43,C+D+P,Para,29.805281442978362
4,43,C+D+S,Colp,49.8840108401084
4,43,C+D+S,Dexio,241.09355013550135
4,43,C+D+S,Spiro,44.44552845528455
4,45,C+D,Colp,26.83609756097561
4,45,C+D,Dexio,264.49777777777774
4,45,C+D+P,Colp,71.45040650406504
4,45,C+D+P,Dexio,60.04834688346883
4,45,C+D+P,Para,16.183280423280422
4,45,C+D+P+Pd,Noise,33.77898305084746
4,45,C+D+P+Pd,Spath,13.84
4,45,C+D+P+Pd,Para,56.30980392156862
4,45,C+D+S,Colp,100.1430894308943
4,45,C+D+S,Dexio,228.79132791327913
4,45,C+D+S,Spiro,29.030243902439025
4,47,C+D,Colp,13.84
4,47,C+D,Dexio,200.51121951219514
4,47,C+D+P,Colp,80.6770731707317
4,47,C+D+P,Dexio,76.62634146341463
4,47,C+D+P,Para,22.33528455284553
4,47,C+D+S,Colp,60.8359891598916
4,47,C+D+S,Dexio,224.59056910569103
4,47,C+D+S,Spiro,39.269593495934956
4,49,C+D,Colp,13.84
4,49,C+D,Dexio,136.52466124661248
4,49,C+D+P,Colp,37.61929539295393
4,49,C+D+P,Dexio,78.08910569105691
4,49,C+D+S,Colp,47.1460162601626
4,49,C+D+S,Dexio,232.54200542005418
4,49,C+D+S,Spiro,28.861463414634144
4,49,C+D+S+Pd,Noise,13.84
4,51,C+D,Dexio,157.34092140921408
4,51,C+D+P,Colp,136.1871002710027
4,51,C+D+P,Dexio,98.08021680216802
4,51,C+D+P,Para,21.228834688346883
4,51,C+D+S,Colp,37.16921409214092
4,51,C+D+S,Dexio,119.79663956639567
4,51,C+D+S,Spiro,37.88184281842818
4,53,C+D,Dexio,152.24
4,53,C+D+P,Colp,50.96266550522648
4,53,C+D+P,Dexio,71.45040650406503
4,53,C+D+P,Para,13.84
4,53,C+D+P+Pd,Dexio,13.84
4,53,C+D+P+Pd,Para,13.84
4,53,C+D+S,Colp,29.555338753387534
4,53,C+D+S,Dexio,234.79241192411922
4,53,C+D+S,Spiro,13.84
